Company ,Employer/Aggregator,Priority,Checked,JBoard,Job Listing (1) ,Job Listing (2) ,Status,Issue,Search term alt protein,Additional data / notes,Company's general website,,
Air Protein,Aggregator,,11/7/23,https://app.jboard.io/board/4328/importer/auto-importer/8902,https://jobs.lever.co/airprotein,https://www.linkedin.com/jobs/search/?currentJobId=3628074179&f_C=19155158&geoId=92000000&originToLandingJobPostings=3628074179%2C3609347273%2C3609346350%2C3609347274,Works but missing jobs,JBoard showing 1 expired job and missing 1 job listed on website,https://altproteincareers.com/jobs?q=air+protein&category=&posted_at=&location=&location_id=3&search_radius=,sometimes Beyond also appears in APC search,https://airprotein.com/join-the-team,,
Nature's Fynd,Aggregator,1,11/7/23,https://app.jboard.io/board/4328/importer/auto-importer/7128,https://jobs.lever.co/naturesfynd,,Works but missing jobs,JBoard has 3 jobs listed but 4 jobs listed on Company's Lever,https://altproteincareers.com/jobs?q=nature%27s+fynd&category=&posted_at=&location=&location_id=&search_radius=,,https://www.naturesfynd.com/careers,,
New Culture Foods,Aggregator,2,11/7/23,https://app.jboard.io/board/4328/importer/auto-importer/7363,https://jobs.lever.co/newculturefood/,,No jobs on JBoard but jobs listed on Lever,No jobs listed on JBoard but 2 jobs listed on Company's Lever,https://altproteincareers.com/jobs?q=new+culture+foods&category=&posted_at=&location=&location_id=3&search_radius=,other companies appear under New Culture Foods search on APC,https://www.newculture.com/careers/,,
NotCo,Aggregator,3,11/7/23,https://app.jboard.io/board/4328/importer/auto-importer/7027,https://jobs.lever.co/thenotcompany,https://www.linkedin.com/jobs/search/?currentJobId=3626924917&f_C=10147244&geoId=92000000&originToLandingJobPostings=3626924917%2C3590927468%2C3627141313%2C3623815229%2C3638312433%2C3643884774%2C3625357509%2C3597880504%2C3634498949,"Fixed
Missing jobs on JBoard","Old Url
No jobs listed on JBoard but 2 US-based jobs on Company's Lever",https://altproteincareers.com/jobs?q=notco&category=&posted_at=&location=&location_id=3&search_radius=,,https://notco.com/us/about/notco-squad,,
Anthology,Aggregator,,11/7/23,https://app.jboard.io/board/4328/importer/auto-importer/10967,https://jobs.polymer.co/anthology-biotechnologies-inc,,No jobs,"JBoard says ""unable to detect jobs""",https://altproteincareers.com/jobs?q=anthology&category=&posted_at=&location=&location_id=3&search_radius=,Company website does not look active,,,
Meli Bio ,Aggregator,,11/7/23,https://app.jboard.io/board/4328/importer/auto-importer/7148,https://melibio-inc.breezy.hr/,,No jobs,"JBoard says ""unable to detect jobs""",https://altproteincareers.com/jobs?q=melibio&category=&posted_at=&location=&location_id=3&search_radius=,,https://melibio-inc.breezy.hr/,,
Mission Barns,Aggregator,,11/7/23,https://app.jboard.io/board/4328/importer/auto-importer/6938,https://missionbarns.com/careers/,,Works,Missing Open Application,https://altproteincareers.com/jobs?q=mission+barns&category=&posted_at=&location=&location_id=3&search_radius=,"Name on JBoard Aggregator is ""missionbarns.com"" instead of Mission Barns",https://missionbarns.com/careers/,,
MyForest Foods ,Aggregator,,11/7/23,https://app.jboard.io/board/4328/importer/auto-importer/7356,https://myforestfoods.com/careers,,"Has Jobs but expired Jobs (old)
No jobs on JBoard but jobs listed on website","Expired Jobs in JBoard
No jobs listed on JBoard but 2 jobs on Company's website",https://altproteincareers.com/jobs?q=myforest+foods&category=&posted_at=&location=&location_id=3&search_radius=,,https://myforestfoods.com/,,
Triplebar ,Aggregator,4,11/7/23,https://app.jboard.io/board/4328/importer/auto-importer/7432,https://boards.greenhouse.io/triplebar,,"Updated
Works","New Job page
Missing General Interest",https://altproteincareers.com/jobs?q=triplebar&category=&posted_at=&location=&location_id=3&search_radius=,,https://triplebar.com/careers/,,
UPSIDE Foods,Aggregator,5,11/7/23,https://app.jboard.io/board/4328/importer/auto-importer/11732,https://www.linkedin.com/jobs/search/?currentJobId=3691675738&f_C=7603949&geoId=92000000&origin=COMPANY_PAGE_JOBS_CLUSTER_EXPANSION&originToLandingJobPostings=3691675738%2C3687954169%2C3726521261%2C3737732950%2C3728107102%2C3730049941%2C3705636271%2C3706285265%2C3684162103,https://www.linkedin.com/jobs/search/?currentJobId=3581067776&f_C=7603949&geoId=92000000&originToLandingJobPostings=3581067776%2C3570428354%2C3621927531%2C3573255682%2C3597726306%2C3605618945%2C3615777630%2C3609535991%2C3606783343,"Fixed with LinkedIn
Missing jobs on JBoard","On JBoard 2 Director MSAT duplicate jobs listed as active
JBoard is missing 8 jobs listed on Company website 
1 expired job on JBoard",https://altproteincareers.com/jobs?q=upside&category=&posted_at=&location=&location_id=3&search_radius=,,https://upsidefoods.com/careers?gclid=CjwKCAiA3aeqBhBzEiwAxFiOBlCzZibp0oouijjna3JrOqm6-WrcQtA8GaNbTlUWDHp-IPcTqEkZxBoC4F4QAvD_BwE,,
Wayfare Foods,Aggregator,,11/7/23,https://app.jboard.io/board/4328/importer/auto-importer/7666,https://wayfarefoods.com/open-positions/,,"Broken
No jobs on JBoard but jobs listed on website","Page Offline
JBoard says ""unable to detect jobs"" 
No jobs listed on JBoard but 2 jobs listed on Company's website",https://altproteincareers.com/jobs?q=wayfare+foods&category=&posted_at=&location=&location_id=3&search_radius=,,https://wayfarefoods.com/contact/careers/,,
Wild Earth,Aggregator,,11/7/23,https://app.jboard.io/board/4328/importer/auto-importer/7016,https://wild-earth.breezy.hr/,,Works. No jobs online.,"JBoard says ""unable to detect jobs""",https://altproteincareers.com/jobs?q=wild+earth&category=&posted_at=&location=&location_id=3&search_radius=,,https://wild-earth.breezy.hr/,,
Bolthouse Farms,Aggregator,,11/7/23,https://app.jboard.io/board/4328/importer/auto-importer/7426,https://workforcenow.adp.com/mascsr/default/mdf/recruitment/recruitment.html?cid=bdd456bf-a007-4552-b846-ab61632962f6&ccId=19000101_000001&type=MP&lang=en_US,,No jobs on JBoard but jobs listed on workforcenow,"No jobs listed on JBoard but 53 jobs on workforcenow
JBoard says 2 jobs failed validation ",https://altproteincareers.com/jobs?q=bolthouse+farms&category=&posted_at=&location=&location_id=3&search_radius=,"Name on JBoard Aggregator is ""workforcenow.adp.com"" instead of Bolthouse Farms",https://www.bolthouse.com/jobs/,,
Blue Diamond Growers,Aggregator,,11/7/23,https://app.jboard.io/board/4328/importer/auto-importer/7025,https://www.bluediamond.com/careers/#latest-openings,,No jobs on JBoard but jobs listed on website,No jobs listed on JBoard but 7 jobs on Company's website,https://altproteincareers.com/jobs?q=blue+diamond&category=&posted_at=&location=&location_id=3&search_radius=,,https://www.bluediamond.com/careers/#latest-openings,,
BlueNalu,Aggregator,6,11/7/23,https://app.jboard.io/board/4328/importer/auto-importer/7026,https://www.bluenalu.com/careers,,Works but missing jobs on JBoard,JBoard missing Pilot Plant Technician 3rd Shift,https://altproteincareers.com/jobs?q=bluenalu&category=&posted_at=&location=&location_id=3&search_radius=,,https://www.bluenalu.com/careers,,
The Good Food Institute,Aggregator,7,11/7/23,https://app.jboard.io/board/4328/importer/auto-importer/6954,https://gfi.org/careers/,,No jobs on JBoard but jobs listed on website,No jobs listed on JBoard but 3 jobs on Company's website,https://altproteincareers.com/jobs?q=gfi&category=&posted_at=&location=&location_id=3&search_radius=,"Name on JBoard  Aggregator is ""gfi.org"" instead of the Good Food Institute
Sometimes 0-2 jobs appear in APC search",https://gfi.org/careers/,,
ClimateWorks Foundation,Aggregator,,11/7/23,https://app.jboard.io/board/4328/importer/auto-importer/11787,https://www.climateworks.org/careers/,,Missing jobs on JBoard,JBoard missing 8 jobs listed on Company's website,https://altproteincareers.com/jobs?q=climate+works&category=&posted_at=&location=&location_id=3&search_radius=,"Name on JBoard  Aggregator is ""climateworks.org"" instead of the Climate Works Foundation",https://www.climateworks.org/,,
Petaluma,Employer,,,,,,,,,,,,
Stanford,Aggregator,,11/8/23,https://app.jboard.io/board/4328/importer/auto-importer/11783,https://www.foodlabstanford.com/open-positions,,Missing job on JBoard,"JBoard says ""unable to detect jobs""
No jobs listed on JBoard but Data Scientist listed on website ",https://altproteincareers.com/jobs?q=stanford&category=&posted_at=&location=&location_id=3&search_radius=,,https://www.foodlabstanford.com/open-positions,,
Plant Based Foods Association,Aggregator,,11/8/23,https://app.jboard.io/board/4328/importer/auto-importer/11782,https://www.plantbasedfoods.org/careers/,,No jobs,"JBoard says ""unable to detect jobs""",https://altproteincareers.com/jobs?q=plant+based+foods+association&category=&posted_at=&location=&location_id=3&search_radius=,UPSIDE jobs appear for APC search,https://www.plantbasedfoods.org/careers/,,
Madre Brava,Employer,,,,,,,,,,,,
Plant Powered Metro New York,Employer,,,,,,,,,,,,
Nourish Ingredients,Aggregator,,11/8/23,https://app.jboard.io/board/4328/importer/auto-importer/11727,https://www.linkedin.com/jobs/search/?currentJobId=3726933277&f_C=38074854&geoId=92000000&origin=COMPANY_PAGE_JOBS_CLUSTER_EXPANSION&originToLandingJobPostings=3726933277%2C3723383536%2C3574137241,,No jobs on JBoard but jobs listed on website,No jobs listed on JBoard but 3 jobs on LinkedIn and 2 jobs on Company's website,https://altproteincareers.com/jobs?q=nourish&category=&posted_at=&location=&location_id=3&search_radius=,,https://au.linkedin.com/company/nourish-ingredients,https://nourishing.io/careers/,
Nasoya,Aggregator,,11/8/23,https://app.jboard.io/board/4328/importer/auto-importer/11666,https://www.linkedin.com/jobs/search/?currentJobId=3737253955&f_C=10685632&geoId=92000000&origin=COMPANY_PAGE_JOBS_CLUSTER_EXPANSION&originToLandingJobPostings=3737253955%2C3730229426%2C3730774725%2C3730790217%2C3730237026%2C3730229214%2C3730228750,,No jobs on JBoard but jobs listed on website,"JBoard says ""unable to detect jobs""
No jobs listed on JBoard but 7 jobs on LinkedIn ",https://altproteincareers.com/jobs?q=nasoya&category=&posted_at=&location=&location_id=3&search_radius=,,https://www.nasoya.com/about-us/,,
Applied Food Sciences,Employer,,,,,,,,,,,,
Konscious Foods,Aggregator,,11/8/23,https://app.jboard.io/board/4328/importer/auto-importer/11664,https://www.linkedin.com/jobs/search/?currentJobId=3709752976&f_C=82854049&geoId=92000000&origin=COMPANY_PAGE_JOBS_CLUSTER_EXPANSION&originToLandingJobPostings=3709752976,,No jobs on JBoard but jobs listed on website,No jobs listed on JBoard but 1 job on Company's website,https://altproteincareers.com/jobs?q=konscious+foods&category=&posted_at=&location=&location_id=3&search_radius=,,https://ca.linkedin.com/company/konsciousfoods,https://www.konscious.com/pages/about,
Wenger,Employer,,,,,,,,,,,,
MycoWorks,Aggregator,8,11/8/23,https://app.jboard.io/board/4328/importer/auto-importer/11629,https://www.mycoworks.com/careers,,No jobs on JBoard but jobs listed on website,No jobs listed on JBoard but 15 US-based jobs on Company's website,https://altproteincareers.com/jobs?q=mycoworks&category=&posted_at=&location=&location_id=3&search_radius=,,https://www.mycoworks.com/careers,,
Ark Biotech,Aggregator,,11/8/23,https://app.jboard.io/board/4328/importer/auto-importer/7167,https://www.linkedin.com/jobs/search/?currentJobId=3575818120&f_C=80166987&geoId=92000000&originToLandingJobPostings=3575818120,,No jobs on JBoard but jobs listed on website,No jobs listed on JBoard but 6 jobs on Company's website,https://altproteincareers.com/jobs?q=ark+biotech&category=&posted_at=&location=&location_id=3&search_radius=,,https://ark-biotech.com/,,
Three Trees,Employer,,,,,,,,,,threetrees.com,,
Meati ,Aggregator,9,11/8/23,https://app.jboard.io/board/4328/importer/auto-importer/7031,https://www.linkedin.com/jobs/search/?currentJobId=3731947846&f_C=11059874&geoId=92000000&origin=JOB_SEARCH_PAGE_JOB_FILTER,,No jobs on JBoard but jobs listed on website,No jobs listed on JBoard but 7 jobs on Company's website,https://altproteincareers.com/jobs?q=meati&category=&posted_at=&location=&location_id=3&search_radius=,,https://www.linkedin.com/company/meati,https://boards.greenhouse.io/meatifoods,
Essential,Employer,,,,,,,,,,www.essentialimpact.org,,
,,,,,,,,,,,,,
"Pulmuone Foods USA, Inc.",Aggregator,,11/8/23,https://app.jboard.io/board/4328/importer/auto-importer/10159,https://www.linkedin.com/jobs/search/?currentJobId=3687251019&f_C=1318584&geoId=92000000&originToLandingJobPostings=3687251019%2C3710494107%2C3697071389%2C3693478171%2C3693476662%2C3702480428,,No jobs on JBoard but jobs listed on website,"JBoard says ""unable to detect jobs""
No jobs listed on JBoard but 9 jobs on Company's website",https://altproteincareers.com/jobs?q=pulmuone&category=&posted_at=&location=&location_id=3&search_radius=,,https://www.linkedin.com/company/pulmuone-foods-usa-inc-,,
Savor,Employer,,,,,,,,,,,,
PURIS Proteins/Grains,Aggregator,,11/8/23,https://app.jboard.io/board/4328/importer/auto-importer/10805,https://recruiting.paylocity.com/Recruiting/Jobs/All/7016bea2-43b3-4728-b2d6-ef438a621e35/PURIS,,No jobs on JBoard but jobs listed on website,No jobs listed on JBoard but 10 jobs on Company's website,https://altproteincareers.com/jobs?q=puris&category=&posted_at=&location=&location_id=3&search_radius=,,https://www.puris.com/careers/,,
,,,,,,,,,,,,,
Prolific Machines Inc.,Aggregator,,11/8/23,https://app.jboard.io/board/4328/importer/auto-importer/7157,https://boards.greenhouse.io/prolificmachines?gh_src=fa14c11e4us,https://www.linkedin.com/jobs/search/?currentJobId=3659993862&f_C=65867858&geoId=92000000&origin=COMPANY_PAGE_JOBS_CLUSTER_EXPANSION&originToLandingJobPostings=3659993862%2C3679564750,JBoard showing job duplicates ,JBoard has jobs listed twice,https://altproteincareers.com/jobs?q=prolific&category=&posted_at=&location=&location_id=3&search_radius=,,https://www.linkedin.com/company/prolific-machines,https://www.prolificmachines.com/,
USDA,Employer,,,,,,,,,,,,
Alt Protein Careers,Employer,,,,,,,,,,www.altproteincareers.com,,
Oobli,Employer,,,,,,,,,,https://oobli.com/,,
"Tyson Foods, Inc.",Employer,,,,,,,,,,https://www.tysonfoods.com/,,
Conagra Brands,Aggregator,,11/8/23,https://app.jboard.io/board/4328/importer/auto-importer/9539,https://careers.conagrabrands.com/us/en/search-results?keywords=%22plant%20based%20protein%22,,No jobs on JBoard but jobs listed on website,"JBoard says ""unable to detect jobs""
No jobs on JBoard but over 300 jobs listed on Company's website",https://altproteincareers.com/jobs?q=conagra&category=&posted_at=&location=&location_id=3&search_radius=,"Name on JBoard  Aggregator is ""conagrabrands.com"" instead of the Congra Brands",https://careers.conagrabrands.com/us/en/,,
Kellogg's,Employer,,,,,,,,,,https://www.kelloggs.com/en_US/home.html,,
Mars Wrigley,Employer,,,,,,,,,,https://www.mars.com/our-brands/mars-snacking,,
Unilever,Employer,,,,,,,,,,https://www.unilever.com/,,
The Hershey Company,Aggregator,,11/8/23,https://app.jboard.io/board/4328/importer/auto-importer/9527,https://careers.thehersheycompany.com/search/?createNewAlert=false&q=&optionsFacetsDD_country=&optionsFacetsDD_location=&optionsFacetsDD_city=&optionsFacetsDD_title=&optionsFacetsDD_customfield1=&optionsFacetsDD_customfield2=,,No jobs on JBoard but jobs listed on website,No jobs listed on JBoard but over 300 jobs on Company's website,https://altproteincareers.com/jobs?q=hershey&category=&posted_at=&location=&location_id=3&search_radius=,sometimes 2 jobs appear in APC search but still missing many jobs,https://www.thehersheycompany.com/en_us/home.html,,
Mondelez International,Employer,,,,,,,,,,https://www.mondelezinternational.com/,,
Pepsico,Employer,,,,,,,,,,https://www.pepsico.com/,,
Chunk,Employer,,,,,,,,,,,,
The Better Meat Co,Employer,,,,,,,,,,https://www.bettermeat.co/,,
Algatech,Employer,,,,,,,,,,https://www.algatech.com/,,
Rebellyous Foods,Employer,,,,,,,,,,https://www.rebellyous.com/,,
Ingredion,Employer,,,,,,,,,,https://www.ingredion.com/na/en-us.html,,
Food System Innovations (FSI),Employer,,,,,,,,,,,,
Sunfed,Employer,,,,,,,,,,http://sunfedfoods.com,,
MasterFoods,Employer,,,,,,,,,,,,
Algemy Ingredients S.L.,Employer,,,,,,,,,,www.algemy.eu,,
Chromologics,Employer,,,,,,,,,,https://dk.linkedin.com/company/chromologics,,
Kern Tec,Employer,,,,,,,,,,https://at.linkedin.com/company/kern-tec,,
"Motif FoodWorks, Inc.",Aggregator,,11/8/23,https://app.jboard.io/board/4328/importer/auto-importer/7156,https://www.linkedin.com/jobs/search/?currentJobId=3573013862&f_C=13979867&geoId=92000000&originToLandingJobPostings=3573013862%2C3573011899%2C3573019648%2C3573026716,,No jobs on JBoard but jobs listed on website,No jobs listed on JBoard but 6 jobs on LinkedIn and 3 jobs on Company's website,https://altproteincareers.com/jobs?q=motif&category=&posted_at=&location=&location_id=3&search_radius=,,https://madewithmotif.com/careers/,,
Oatly,Aggregator,,11/8/23,https://app.jboard.io/board/4328/importer/auto-importer/7141,https://careers.oatly.com/jobs?query=,,No jobs on JBoard but jobs listed on website,No jobs listed on JBoard but 1 US-based job listed on Company's website,https://altproteincareers.com/jobs?q=oatly&category=&posted_at=&location=&location_id=3&search_radius=,"Name on JBoard  Aggregator is ""careers.oatly.com"" instead of Oatly",https://careers.oatly.com,,
foodforecast,Employer,,,,,,,,,,https://de.linkedin.com/company/smart-foodforecast,,
The Vurger Co,Employer,,,,,,,,,,,,
Cultivated Biosciences,,,,,,,,,,,https://ch.linkedin.com/company/cultivatedbio,,
Ingredion,Employer,,,,,,,,,,,,
Mooji Meats (YC W22),Aggregator,,11/8/23,https://app.jboard.io/board/4328/importer/auto-importer/8284,https://www.linkedin.com/jobs/search/?currentJobId=3625991495&f_C=83347305&geoId=92000000&originToLandingJobPostings=3625991495%2C3625988635%2C3625992421,LinkedIn job listing link does not seem to work,Missing jobs on JBoard,JBoard has 1 job but 3 jobs listed on LinkedIn,https://altproteincareers.com/jobs?q=mooji&category=&posted_at=&location=&location_id=3&search_radius=,sometimes 4 jobs appear in APC search,https://www.linkedin.com/company/mooji-meats,https://www.moojimeats.com/#Team,
University of Alberta,Employer,,,,,,,,,,,,
Omeat,Aggregator,10,11/8/23,https://app.jboard.io/board/4328/importer/auto-importer/7765,https://www.linkedin.com/jobs/search/?currentJobId=3630111338&f_C=80980042&geoId=92000000&originToLandingJobPostings=3630111338%2C3619525672%2C3619523569%2C3638870033,,JBoard showing expired jobs,"JBoard says ""unable to detect jobs""
JBoard has 4 jobs listed but only 1 job is listed on Company website",https://altproteincareers.com/jobs?q=omeat&category=&posted_at=&location=&location_id=3&search_radius=,,https://www.linkedin.com/company/omeat,https://www.omeat.com/careers,
Core Biogenesis,Employer,,,,,,,,,,https://fr.linkedin.com/company/core-biogenesis,,
TIPA,Employer,,,,,,,,,,,,
Bosque Foods GmbH,Employer,,,,,,,,,,http://www.bosquefoods.com,,
Mosa Meat,Employer,,,,,,,,,,https://nl.linkedin.com/company/mosameat,,
LIVEKINDLY Collective,Employer,,,,,,,,,,https://www.linkedin.com/company/livekindly-collective,,
Alt Protein Partners,Employer,,,,,,,,,,,,
ADM,Aggregator,,11/8/23,https://app.jboard.io/board/4328/importer/auto-importer/9402,https://sjobs.brassring.com/TGnewUI/Search/Home/Home?partnerid=25416&siteid=5998#keyWordSearch=%22Meat%20Alternatives%22%20,,No jobs on JBoard but jobs listed on website,No jobs listed on JBoard but over 600 jobs listed on Company's website,https://altproteincareers.com/jobs?q=adm&category=&posted_at=&location=&location_id=3&search_radius=,Only Air Protein appears in APC search,https://www.adm.com/en-us/culture-and-careers/join-team-adm/,,
Tofurky,Aggregator,11,11/8/23,https://app.jboard.io/board/4328/importer/auto-importer/7665,https://www.paycomonline.net/v4/ats/web.php/jobs?clientkey=D40A47B08FB4C4BD8079AACD6B4A05C2,,No jobs on JBoard but jobs listed on website,No jobs listed on JBoard but 4 jobs listed on Company's website,https://altproteincareers.com/jobs?q=tofurky&category=&posted_at=&location=&location_id=3&search_radius=,,https://tofurky.com/careers/,,
Clever Carnivore,Employer,,,,,,,,,,,,
Yali Bio,Employer,,,,,,,,,,,,
Plant Veda,Employer,,,,,,,,,,,,
Wild Microbes,Aggregator,,11/8/23,https://app.jboard.io/board/4328/importer/auto-importer/7416,https://www.linkedin.com/jobs/search/?currentJobId=3627139372&f_C=81569763&geoId=92000000&originToLandingJobPostings=3627139372,,No jobs,"JBoard says ""unable to detect jobs""",https://altproteincareers.com/jobs?q=wild+microbes&category=&posted_at=&location=&location_id=3&search_radius=,,https://www.linkedin.com/company/wild-microbes,https://www.wildmicrobes.com/join,
WhatIF Foods,Aggregator,,11/8/23,https://app.jboard.io/board/4328/importer/auto-importer/7431,https://www.linkedin.com/jobs/search/?currentJobId=3640402054&f_C=31483340&geoId=92000000&originToLandingJobPostings=3640402054,,No jobs,"JBoard says ""unable to detect jobs""",https://altproteincareers.com/jobs?q=whatif&category=&posted_at=&location=&location_id=3&search_radius=,,https://sg.linkedin.com/company/whatif-foods,https://whatif-foods.com/,
PLANTA Restaurants,Aggregator,12,11/8/23,https://app.jboard.io/board/4328/importer/auto-importer/7602,https://www.linkedin.com/jobs/search/?currentJobId=3628317412&f_C=18407452&geoId=92000000&originToLandingJobPostings=3628317412%2C3610025264%2C3609459496%2C3609462357%2C3610011542%2C3628310676,,Works,Works,https://altproteincareers.com/jobs?q=planta&category=&posted_at=&location=&location_id=&search_radius=,,https://www.plantarestaurants.com/careers/,https://workforcenow.adp.com/mascsr/default/mdf/recruitment/recruitment.html?cid=553cf4b8-39ab-4853-87ae-8d65bac00d0c&ccId=19000101_000001&lang=en_US,
Nutiva,Aggregator,,11/8/23,https://app.jboard.io/board/4328/importer/auto-importer/7422,https://www.linkedin.com/jobs/search/?currentJobId=3610095811&f_C=1902980&geoId=92000000&originToLandingJobPostings=3610095811,,No jobs,"JBoard says ""unable to detect jobs""",https://altproteincareers.com/jobs?q=nutiva&category=&posted_at=&location=&location_id=3&search_radius=,,https://www.linkedin.com/company/nutiva,https://www.nutiva.com/pages/careers,
Aqua Cultured Foods,Aggregator,13,11/8/23,https://app.jboard.io/board/4328/importer/auto-importer/11726,https://www.linkedin.com/jobs/search/?currentJobId=3737484908&f_C=68687431&geoId=92000000&origin=COMPANY_PAGE_JOBS_CLUSTER_EXPANSION&originToLandingJobPostings=3737484908,,No jobs,,https://altproteincareers.com/jobs?q=aqua&category=&posted_at=&location=&location_id=3&search_radius=,,https://www.aquaculturedfoods.com/,,
Lechia Organic,Aggregator,14,11/8/23,https://app.jboard.io/board/4328/importer/auto-importer/7601,https://www.linkedin.com/jobs/search/?currentJobId=3629068626&f_C=72148267&geoId=92000000&originToLandingJobPostings=3629068626,,No jobs,,https://altproteincareers.com/jobs?q=lechia&category=&posted_at=&location=&location_id=3&search_radius=,,https://www.linkedin.com/company/lechia,https://lechia.co/pages/about-us,
Frieda's Branded Produce,Aggregator,,11/8/23,https://app.jboard.io/board/4328/importer/auto-importer/7419,https://www.linkedin.com/jobs/search/?currentJobId=3626727085&f_C=674941&geoId=92000000&originToLandingJobPostings=3626727085%2C3629908735,LinkedIn job listing link does not seem to work,No jobs,"JBoard says ""unable to detect jobs""",https://altproteincareers.com/jobs?q=frieda&category=&posted_at=&location=&location_id=3&search_radius=,,https://www.linkedin.com/company/friedasproduce,https://www.friedas.com/careers/,
Forager Project,Aggregator,,11/8/23,https://app.jboard.io/board/4328/importer/auto-importer/7147,https://www.linkedin.com/jobs/search/?currentJobId=3620817600&f_C=3263440&geoId=92000000&originToLandingJobPostings=3620817600%2C3532858967,,JBoard showing expired jobs,JBoard has 5 jobs listed but only 1 active job on LinkedIn,https://altproteincareers.com/jobs?q=forager&category=&posted_at=&location=&location_id=3&search_radius=,,https://www.linkedin.com/company/forager-project,https://www.foragerproject.com/,
Finless Foods,Aggregator,15,11/8/23,https://app.jboard.io/board/4328/importer/auto-importer/7145,https://www.linkedin.com/jobs/search/?currentJobId=3616679250&f_C=18028160&geoId=92000000&originToLandingJobPostings=3616679250,LinkedIn job listing link does not seem to work,No jobs,"JBoard says ""unable to detect jobs""",https://altproteincareers.com/jobs?q=finless&category=&posted_at=&location=&location_id=3&search_radius=,,https://www.linkedin.com/company/finlessfoods,https://finlessfoods.com/careers/,
"Eat Just, Inc.",Aggregator,16,11/8/23,https://app.jboard.io/board/4328/importer/auto-importer/7368,https://www.linkedin.com/jobs/search/?currentJobId=3631023555&f_C=18439980&geoId=92000000&originToLandingJobPostings=3631023555,,Works,,https://altproteincareers.com/jobs?q=eat+just&category=&posted_at=&location=&location_id=3&search_radius=,Should also add GOOD Meat as separate aggregator,https://www.linkedin.com/company/eat-just,https://www.ju.st/careers,https://www.paycomonline.net/v4/ats/web.php/jobs?clientkey=C36AE705594F59D987E37A06068FEC02&session_nonce=392e0df40776381b602279806de0ab11
Hooray Foods,Employer,,,,,,,,,,,,
Change Foods,Employer,,,,,,,,,,,,
Mozza,Employer,,,,,,,,,,,,
North Carolina Agricultural & Technical State University,Employer,,,,,,,,,,,,
Reel Foods,Aggregator,17,11/8/23,https://app.jboard.io/board/4328/importer/auto-importer/7366,https://www.linkedin.com/jobs/search/?currentJobId=3465404249&f_C=89883314&geoId=92000000&originToLandingJobPostings=3465404249,,No jobs on JBoard but jobs listed on website,"JBoard says ""unable to detect jobs""
No jobs on JBoard but 1 job listed on Company website",https://altproteincareers.com/jobs?q=reel+foods&category=&posted_at=&location=&location_id=3&search_radius=,,https://www.reelfoods.co/careers,,
Sempera Organics,Employer,,,,,,,,,,,,
Planted Foods AG,Employer,1,,,https://careers.eatplanted.com/?_gl=1*l4xfpj*_gcl_au*MTQ4Njg3NDMxNS4xNzAwMTY2NDM5,,,,,,https://careers.eatplanted.com,,
Rise Brewing Co,Employer,,,,,,,,,,,,
Rebbl,Employer,,,,,,,,,,,,
Genuine Taste,Employer,,,,,,,,,,,,
Cargill,Employer,,,,,,,,,,,,
Tomorrow Farms,Employer,,,,,,,,,,,,
GoodPop,Aggregator,,11/8/23,https://app.jboard.io/board/4328/importer/auto-importer/7589,https://goodpop.isolvedhire.com/jobs/,,Works,Missing General Application,https://altproteincareers.com/jobs?q=goodpop&category=&posted_at=&location=&location_id=3&search_radius=,"Name on JBoard  Aggregator is ""goodpop.isolvedhire.com"" instead of Goodpop",https://goodpop.isolvedhire.com,https://goodpop.com/about/careers/,
Ripple Foods,Aggregator,18,11/8/23,https://app.jboard.io/board/4328/importer/auto-importer/7424,https://www.linkedin.com/jobs/search/?currentJobId=3633066282&f_C=7787675&geoId=92000000&originToLandingJobPostings=3633066282,LinkedIn job listing link does not seem to work,No jobs,"JBoard says ""unable to detect jobs""",https://altproteincareers.com/jobs?q=ripple+foods&category=&posted_at=&location=&location_id=3&search_radius=,,https://shop.ripplefoods.com/,,
Clif,Employer,,,,,,,,,,,,
"Good Karma Foods, Inc.",Aggregator,19,11/8/23,https://app.jboard.io/board/4328/importer/auto-importer/7139,https://www.linkedin.com/jobs/search/?currentJobId=3608626510&f_C=6574521&geoId=92000000&originToLandingJobPostings=3608626510,,No jobs,"JBoard says ""unable to detect jobs""",https://altproteincareers.com/jobs?q=karma&category=&posted_at=&location=&location_id=3&search_radius=,,https://www.linkedin.com/company/good-karma-foods-inc-,https://goodkarmafoods.com/pages/about-us,
Balletic Foods,Employer,,,,,,,,,,,,
Danone,Employer,,,,,,,,,,,,
Purple Carrot,Aggregator,,11/9/23,https://app.jboard.io/board/4328/importer/auto-importer/7438,https://apply.workable.com/thepurplecarrot/,,Missing jobs on JBoard,JBoard shows 2 jobs but 4 different jobs listed on Company's website,https://altproteincareers.com/jobs?q=purple+carrot&category=&posted_at=&location=&location_id=&search_radius=,,http://www.purplecarrot.com,,
Pow Bio,Aggregator,,11/9/23,https://app.jboard.io/board/4328/importer/auto-importer/7433,https://pow-bio.breezy.hr/,Job website appears to have changed,Missing General Interest ,Missing General Interest ,https://altproteincareers.com/jobs?q=pow+bio&category=&posted_at=&location=&location_id=&search_radius=,"Name on JBoard  Aggregator is ""pow-bio.breezy.hr"" instead of Pow Bio",https://www.pow.bio/,https://boards.greenhouse.io/powbio,
Triplebar,Aggregator,,11/7/2023,https://app.jboard.io/board/4328/importer/auto-importer/7432,https://boards.greenhouse.io/triplebar,,Works,"General interest job showing up as expired on jboard, but is still live on employer's website",https://altproteincareers.com/jobs?q=triplebar&category=&posted_at=&location=&location_id=&search_radius=,,https://triplebar.com/careers/,,
Molecular Devices,Aggregator,,11/9/23,https://app.jboard.io/board/4328/importer/auto-importer/7427,https://jobs.danaher.com/global/en/molecular-devices-north-america,,JBoard showing expired jobs,JBoard shows 3 jobs but only 1 job listed on Company's website,https://altproteincareers.com/jobs?q=molecular+devices&category=&posted_at=&location=&location_id=&search_radius=,,https://jobs.danaher.com/global/en,,
Kite Hill,Aggregator,20,11/9/23,https://app.jboard.io/board/4328/importer/auto-importer/7029,https://www.linkedin.com/jobs/search/?currentJobId=3626158913&f_C=10693030&geoId=92000000&originToLandingJobPostings=3626158913%2C3599932510%2C3620829304%2C3625338341,,JBoard showing expired jobs and missing job,JBoard shows 7 jobs but only 2 active on LinkedIn and missing 1 job listed on LinkedIn,https://altproteincareers.com/jobs?q=kite+hill&category=&posted_at=&location=&location_id=&search_radius=,,https://www.linkedin.com/company/kite-hill,https://www.kite-hill.com/about-us/,
Outstanding Foods,Aggregator,,11/9/23,https://app.jboard.io/board/4328/importer/auto-importer/7420,https://www.linkedin.com/jobs/search/?currentJobId=3734471771&f_C=18081852&geoId=103644278&location=United%20States&origin=JOB_SEARCH_PAGE_JOB_FILTER&refresh=true,LinkedIn job listing link does not seem to work,No jobs,"JBoard says ""unable to detect jobs""
No jobs",https://altproteincareers.com/jobs?q=outstanding+foods&category=&posted_at=&location=&location_id=&search_radius=,Other companies appear in APC search,https://outstandingfoods.com/,https://www.linkedin.com/company/outstandingfoods/jobs/,
Harmless Harvest,Aggregator,22,11/9/23,https://app.jboard.io/board/4328/importer/auto-importer/7415,https://www.linkedin.com/jobs/search/?currentJobId=3643380443&f_C=2960331&geoId=92000000&origin=COMPANY_PAGE_JOBS_CLUSTER_EXPANSION&originToLandingJobPostings=3643380443%2C3660495155%2C3559058056%2C3720352654,,Works,,https://altproteincareers.com/jobs?q=harmless+harvest&category=&posted_at=&location=&location_id=&search_radius=,Works but Company's websie is different than LinkedIn,https://harmlessharvest.com/,https://apply.workable.com/harmlessharvest/,
High Time Foods,Aggregator,,11/9/23,https://app.jboard.io/board/4328/importer/auto-importer/7365,https://www.linkedin.com/jobs/search/?currentJobId=3734471771&f_C=77099917&geoId=103644278&location=United%20States&origin=JOB_SEARCH_PAGE_JOB_FILTER&refresh=true,LinkedIn job listing link does not seem to work,No jobs,"JBoard says ""unable to detect jobs""",https://altproteincareers.com/jobs?q=high+time+foods&category=&posted_at=&location=&location_id=&search_radius=,Other companies appear in APC search,http://www.hightimefoods.com,https://www.linkedin.com/company/high-time-foods/jobs/,
Tiamat Sciences Corp.,Aggregator,,11/9/23,https://app.jboard.io/board/4328/importer/auto-importer/7361,https://tiamat-sciences-corp.breezy.hr/,,Works,Missing Spontaneous Application,https://altproteincareers.com/jobs?q=tiamat&category=&posted_at=&location=&location_id=&search_radius=,"Name on JBoard  Aggregator is ""tiamat-sciences-corp..breezy.hr"" instead of Tiamat Sciences",https://tiamat-sciences-corp.breezy.hr/,,
Nobell Foods,Aggregator,21,11/9/23,https://app.jboard.io/board/4328/importer/auto-importer/7360,https://www.nobellfoods.com/pages/openings,,Missing jobs on JBoard,JBoard has 4 jobs but 7 jobs listed on Comapany's website,https://altproteincareers.com/jobs?q=nobell&category=&posted_at=&location=&location_id=&search_radius=,"Name on JBoard  Aggregator is ""www.nobellfoods.comr"" instead of Nobell Foods",https://www.nobellfoods.com/pages/openings,,
Geltor,Employer,,,,,,,,,,,,
New School Foods,Aggregator,23,11/9/23,https://app.jboard.io/board/4328/importer/auto-importer/7151,https://www.linkedin.com/jobs/search/?currentJobId=3696160074&f_C=79327101&geoId=92000000&origin=COMPANY_PAGE_JOBS_CLUSTER_EXPANSION&originToLandingJobPostings=3696160074%2C3696158754%2C3736960115,,Missing jobs on JBoard,JBoard has 1 jobs but 3 jobs listed on LinkedIn,https://altproteincareers.com/jobs?q=new+school+foods&category=&posted_at=&location=&location_id=&search_radius=,,newschoolfoods.co,,
Aleph Farms,Employer,,,,,,,,,,,,
VegTech Invest,Employer,,,,,,,,,,,,
Pynch,Employer,,,,,,,,,,,,
CULT Food Science,Employer,,,,,,,,,,,,
Atlantic Fish Co,Employer,,,,,,,,,,,,
HyfÃ© Foods,Employer,,,,,,,,,,,,
Xelliss,Employer,,,,,,,,,,,,
DryGro,Employer,,,,,,,,,,,,
Veganezzy,Employer,,,,,,,,,,,,
ProVeg,Employer,,,,,,,,,,,,
Amazi,Employer,,,,,,,,,,,,
"MycoTechnology, Inc.",Aggregator,24,11/9/23,https://app.jboard.io/board/4328/importer/auto-importer/7140,https://www.linkedin.com/jobs/search/?currentJobId=3591991789&f_C=3500342&geoId=92000000&originToLandingJobPostings=3591991789%2C3531425149%2C3590327802%2C3606648053%2C3601412288%2C3590328043%2C3592578854%2C3610846696%2C3571776635,LinkedIn job listing link does not seem to work,Missing jobs on JBoard,JBoard shows 1 job but 3 jobs listed on LinkedIn,https://altproteincareers.com/jobs?q=mycotechnology&category=&posted_at=&location=&location_id=&search_radius=,,https://www.linkedin.com/company/myco-technology-inc-,https://www.mycoiq.com/contact-us/,
Urban Remedy Inc.,Aggregator,25,11/9/23,https://app.jboard.io/board/4328/importer/auto-importer/7161,https://www.linkedin.com/jobs/search/?currentJobId=3595874686&f_C=5015573&geoId=92000000&originToLandingJobPostings=3595874686%2C3605762638%2C3586885951%2C3618524280%2C3618518885,LinkedIn job listing link does not seem to work,Missing jobs on JBoard,JBoard shows 2 job but 7 jobs listed on Company's website,https://altproteincareers.com/jobs?q=urban&category=&posted_at=&location=&location_id=&search_radius=,,https://www.linkedin.com/company/urban-remedy-inc-,https://urbanremedy.com/careers/,
Siete Family Foods,Aggregator,,11/9/23,https://app.jboard.io/board/4328/importer/auto-importer/7158,https://www.linkedin.com/jobs/search/?currentJobId=3620873902&f_C=10416556&geoId=92000000&originToLandingJobPostings=3620873902%2C3628355098%2C3627159164%2C3630374337%2C3632909068%2C3610024717,,JBoard showing expired job,JBoard shows 6 jobs but only 5 active jobs on LinkedIn,https://altproteincareers.com/jobs?q=siete&category=&posted_at=&location=&location_id=&search_radius=,Company website lists different jobs compared to LinkedIn,https://www.linkedin.com/company/siete-family-foods,https://sietefoods.com/pages/careers,
SIMULATE,Aggregator,26,11/9/23,https://app.jboard.io/board/4328/importer/auto-importer/7159,https://www.linkedin.com/jobs/search/?currentJobId=3614805342&f_C=20312518&geoId=92000000&originToLandingJobPostings=3614805342%2C2982327307%2C3482766109,,Missing jobs on JBoard,JBoard shows 1 job but 2 jobs listed on LinkedIn,https://altproteincareers.com/jobs?q=simulate&category=&posted_at=&location=&location_id=&search_radius=,,https://www.linkedin.com/company/simulate,https://simulate.com/,
Manus Bio,Aggregator,27,11/9/23,https://app.jboard.io/board/4328/importer/auto-importer/7155,https://www.linkedin.com/jobs/search/?currentJobId=3614621709&f_C=2604840&geoId=92000000&originToLandingJobPostings=3614621709%2C3501466591%2C3609165774%2C3620619053%2C3606047414%2C3502709570,,JBoard showing expired job,JBoard shows 11 jobs but only 4 active jobs on LinkedIn,https://altproteincareers.com/jobs?q=manus&category=&posted_at=&location=&location_id=&search_radius=,Only 3 active jobs on Company's website,https://www.linkedin.com/company/manus-bio,https://www.manusbio.com/careers/?wpv_sort_orderby=field-wpcf-location&wpv_sort_order=asc&wpv_sort_orderby_as=string&wpv_view_count=278,
Greenleaf Foods,Aggregator,,11/9/23,https://app.jboard.io/board/4328/importer/auto-importer/7154,https://www.linkedin.com/jobs/search/?currentJobId=3510836934&f_C=11831747%2C3990549%2C8638688&geoId=92000000&originToLandingJobPostings=3510836934%2C3559014831%2C3599261835%2C3462621630%2C3579684152,,No jobs on JBoard but jobs listed on website,No jobs on JBoard but 3 job listed on LinkedIn,https://altproteincareers.com/jobs?q=greenleaf&category=&posted_at=&location=&location_id=&search_radius=,,https://www.linkedin.com/company/greenleaffoods,https://www.greenleaffoods.com/,
Culture Biosciences,Aggregator,28,11/9/23,https://app.jboard.io/board/4328/importer/auto-importer/7153,https://www.linkedin.com/jobs/search/?currentJobId=3606151414&f_C=18240703&geoId=92000000&originToLandingJobPostings=3606151414%2C3597860755%2C3597867306%2C3597248209%2C3597242659%2C3597243608%2C3618186427%2C3604500875%2C3616898932,,Works,,https://altproteincareers.com/jobs?q=culture+biosciences&category=&posted_at=&location=&location_id=&search_radius=,,https://www.linkedin.com/company/culture-robotics,https://www.culturebiosciences.com/careers,
Coperion,Aggregator,,11/9/23,https://app.jboard.io/board/4328/importer/auto-importer/7152,https://www.linkedin.com/jobs/search/?currentJobId=3537827973&f_C=88921&geoId=92000000&originToLandingJobPostings=3537827973%2C3583967100%2C3522247635%2C3522078447%2C3584509961%2C3499258083%2C3558176302%2C3499257066%2C3593863004,,Missing jobs on JBoard,JBoard shows 32 jobs but 94 jobs listed on LinkedIn,https://altproteincareers.com/jobs?q=coperion&category=&posted_at=&location=&location_id=&search_radius=,,https://de.linkedin.com/company/coperion,https://www.coperion.com/en/careers/job-vacancies-worldwide,
Sabra Dipping Company,Aggregator,,11/9/23,https://app.jboard.io/board/4328/importer/auto-importer/7142,https://www.linkedin.com/jobs/search/?currentJobId=3618484258&f_C=289611&geoId=92000000&originToLandingJobPostings=3618484258%2C3594577997%2C3609046674%2C3603348196%2C3618480760%2C3607887365%2C3603137741%2C3601799168%2C3618487002,LinkedIn job listing link does not seem to work,Missing jobs on JBoard,JBoard shows 8 jobs but 9 jobs on Company's website,https://altproteincareers.com/jobs?q=sabra&category=&posted_at=&location=&location_id=&search_radius=,https://recruiting.ultipro.com/SAB1004SABRA/JobBoard/5fe72286-26ac-4807-812f-b10c35c69276/?q=&o=postedDateDesc,https://www.linkedin.com/company/sabra-dipping-company-llc,https://sabra.com/pages/career-1,
Shiru,Aggregator,29,11/9/23,https://app.jboard.io/board/4328/importer/auto-importer/7015,https://www.linkedin.com/jobs/search/?currentJobId=3587996134&f_C=28413743&geoId=92000000,,Missing jobs on JBoard,No jobs on JBoard but 3 jobs listed on LinkedIn,https://altproteincareers.com/jobs?q=shiru&category=&posted_at=&location=&location_id=&search_radius=,https://jobs.lever.co/shiru,https://www.linkedin.com/company/shiru-inc,https://shiru.com/careers/,
TiNDLE Foods,Employer,,,,,,,,,,https://www.linkedin.com/company/tindle-foods,,
GenScript,Aggregator,,11/9/23,https://app.jboard.io/board/4328/importer/auto-importer/7137,https://www.linkedin.com/jobs/search/?currentJobId=3599984029&f_C=298797&geoId=92000000&originToLandingJobPostings=3599984029%2C3606659731%2C3569727131%2C3607689762%2C3509264094%2C3596823440%2C3434028453%2C3596823501%2C3607688930,,Missing jobs on JBoard,JBoard shows 5 jobs but 64 jobs listed on LinkedIn,https://altproteincareers.com/jobs?q=genscript&category=&posted_at=&location=&location_id=&search_radius=,,https://www.linkedin.com/company/genscript-corporation,https://www.genscript.com/CareerOverview.html?src=footer#Job,
Zero Acre Farms,Aggregator,,11/9/23,https://app.jboard.io/board/4328/importer/auto-importer/7136,https://www.zeroacre.com/page/careers,,No jobs on JBoard but jobs listed on website,"JBoard says ""unable to detect jobs""
No jobs on JBoard but 2 jobs listed on Company's website",https://altproteincareers.com/jobs?q=zero+acre&category=&posted_at=&location=&location_id=&search_radius=,"Name on JBoard  Aggregator is ""www.zeroacre.com"" instead of Zero Acre",https://www.zeroacre.com/page/careers,,
Tender Food,Aggregator,,11/9/23,https://app.jboard.io/board/4328/importer/auto-importer/7135,https://tenderfood.com/work/,,Missing jobs on JBoard,JBoard shows 1 job but 4 jobs listed on Company's website,https://altproteincareers.com/jobs?q=tender+food&category=&posted_at=&location=&location_id=&search_radius=,"Name on JBoard  Aggregator is ""tenderfood.com"" instead of Tender Food",https://tenderfood.com/work/,,
Prime Roots,Aggregator,,11/9/23,https://app.jboard.io/board/4328/importer/auto-importer/7132,https://www.linkedin.com/jobs/search/?currentJobId=3733328135&f_C=18385882&geoId=103644278&location=United%20States&origin=JOB_SEARCH_PAGE_JOB_FILTER&refresh=true,,Missing jobs on JBoard or expired ,JBoard shows 15 jobs but 30 jobs listed on LinkedIn,https://altproteincareers.com/jobs?q=prime+roots&category=&posted_at=&location=&location_id=&search_radius=,Company's website is different than LinkedIn and only lists 10 jobs,https://www.primeroots.com/pages/careers,https://apply.workable.com/primeroots/,
Perfect Day,Aggregator,,11/9/23,https://app.jboard.io/board/4328/importer/auto-importer/7131,https://boards.greenhouse.io/perfectday/,,Non-US jobs on JBoard,JBoard has 1 job but 4 jobs listed on website but all jobs are non-US based,https://altproteincareers.com/jobs?q=perfect+day&category=&posted_at=&location=&location_id=&search_radius=,,https://boards.greenhouse.io/perfectday/,https://perfectday.com/careers/,
Orbillion Bio,Aggregator,,11/9/23,https://app.jboard.io/board/4328/importer/auto-importer/7130,https://orbillion.com/careers/,,Works,Missing Open Application,https://altproteincareers.com/jobs?q=orbillion&category=&posted_at=&location=&location_id=&search_radius=,"Name on JBoard  Aggregator is ""orbillion.com"" instead of Orbillion",https://orbillion.com/careers/,,
Amy's Kitchen,Aggregator,,11/9/23,https://app.jboard.io/board/4328/importer/auto-importer/7127,https://www.linkedin.com/jobs/search/?currentJobId=3594644240&f_C=34358&geoId=92000000&originToLandingJobPostings=3594644240%2C3615865838%2C3622884380%2C3611885070%2C3609334679%2C3573212004%2C3563412784%2C3563485312%2C3538107919,,Works,,https://altproteincareers.com/jobs?q=amy%27s+kitchen&category=&posted_at=&location=&location_id=&search_radius=,,https://www.linkedin.com/company/amy%27s-kitchen,https://www.amys.com/careers,
Bond Pet Foods,Aggregator,,11/9/23,https://app.jboard.io/board/4328/importer/auto-importer/7014,https://www.linkedin.com/jobs/search/?currentJobId=3607433948&f_C=27143265&geoId=92000000&originToLandingJobPostings=3607433948,LinkedIn job listing link does not seem to work,No jobs  ,"JBoard says ""unable to detect jobs""",https://altproteincareers.com/jobs?q=bond&category=&posted_at=&location=&location_id=&search_radius=,https://www.bondpets.com/careers-individual/,https://www.linkedin.com/company/bondpetfoods,https://www.bondpets.com/careers/,
Califia Farms,Aggregator,,11/9/23,https://app.jboard.io/board/4328/importer/auto-importer/7126,https://www.linkedin.com/jobs/search/?currentJobId=3613064247&f_C=1297000&geoId=92000000&keywords=califia%20farms&location=Worldwide&refresh=true,,Works but maybe missing jobs on JBoard,JBoard shows 10 jobs but 13 jobs listed on LinkedIn but 10 jobs on Company's website,https://altproteincareers.com/jobs?q=califia+farms&category=&posted_at=&location=&location_id=&search_radius=,https://careers-califiafarms.icims.com/jobs/search?ss=1&hashed=-435597315,https://www.linkedin.com/company/califia-farms,https://careers-califiafarms.icims.com/jobs/,
Miyoko's Creamery,Aggregator,,11/9/23,https://app.jboard.io/board/4328/importer/auto-importer/7018,https://www.linkedin.com/jobs/search/?currentJobId=3611705829&f_C=3645105&geoId=92000000&originToLandingJobPostings=3611705829%2C3590915447%2C3593229566,,No jobs,,,,https://www.linkedin.com/company/miyokoscreamery,https://miyokos.com/pages/careers,
Plenty,Employer,,,,,,,,,,,,
NRGene,Employer,,,,,,,,,,https://www.nrgene.com/,,
Equinom,Employer,,,,,,,,,,https://www.equi-nom.com/,,
Israeli Food Tech,Employer,,,,,,,,,,www.israelifoodtech.com,,
Eclipse Foods,Employer,,,,,,,,,,https://www.eclipsefoods.com/,,
Daiya Foods Inc.,Aggregator,,11/9/23,https://app.jboard.io/board/4328/importer/auto-importer/7028,https://boards.greenhouse.io/daiyafoodsinc,,Missing jobs on JBoard,JBoard shows 3 jobs but 14 jobs listed on Company's website,https://altproteincareers.com/jobs?q=daiya&category=&posted_at=&location=&location_id=&search_radius=,,https://boards.greenhouse.io/daiyafoodsinc,https://daiyafoods.com/,
Black Sheep Foods,Aggregator,,11/9/23,https://app.jboard.io/board/4328/importer/auto-importer/7023,https://www.linkedin.com/jobs/search/?currentJobId=3620729835&f_C=30709652&geoId=92000000&originToLandingJobPostings=3620729835%2C3635144107,,No jobs,"JBoard says ""unable to detect jobs""",https://altproteincareers.com/jobs?q=black+sheep&category=&posted_at=&location=&location_id=&search_radius=,,https://www.linkedin.com/company/blacksheepeat,https://blacksheepfoods.com/,
EVERY,Aggregator,,11/9/23,https://app.jboard.io/board/4328/importer/auto-importer/7020,https://theeverycompany.com/join,,Missing jobs on JBoard,JBoard shows 4 jobs but 7 jobs listed on Company's website,https://altproteincareers.com/jobs?q=every%20company&page=3,"Name on JBoard  Aggregator is ""theeverycompany.com"" instead of EVERY Company
Lots of other companies appear in APC search and not grouped by company",https://theeverycompany.com/join,,
Climax Foods,Aggregator,,11/9/23,https://app.jboard.io/board/4328/importer/auto-importer/7149,https://boards.greenhouse.io/climaxfoods,,Works,Missing Open Application,https://altproteincareers.com/jobs?q=climax+foods&category=&posted_at=&location=&location_id=&search_radius=,,https://climax.bio/careers/,,
Beyond Meat,Aggregator,25,11/9/23,https://app.jboard.io/board/4328/importer/auto-importer/6942,https://www.linkedin.com/jobs/search/?currentJobId=3597862576&f_C=2634332&geoId=92000000&originToLandingJobPostings=3597862576%2C3608185623%2C3616830713%2C3618219221%2C3616189910%2C3618203192%2C3599990839%2C3606190633%2C3588986654,,Works,,https://altproteincareers.com/jobs?q=beyond+meat&category=&posted_at=&location=&location_id=&search_radius=,,https://www.beyondmeat.com/en-US/,,
AgBiome,Employer,,,,,,,,,,https://www.linkedin.com/company/agbiome,,
Synonym,Employer,,,,,,,,,,synonym.bio,,
Impossible Foods,Aggregator,26,11/9/23,https://app.jboard.io/board/4328/importer/auto-importer/6941,https://impossiblefoods.com/careers/job-listings,,Missing jobs on JBoard,JBoard shows 2 jobs but 8 jobs listed on Company's website,https://altproteincareers.com/jobs?q=impossible&category=&posted_at=&location=&location_id=&search_radius=,"Name on JBoard  Aggregator is ""impossiblefoods.com"" instead of Impossible Foods",https://impossiblefoods.com/careers/job-listings,,
Wildtype,Aggregator,27,11/9/23,https://app.jboard.io/board/4328/importer/auto-importer/6939,https://www.wildtypefoods.com/careers,,Works,,https://altproteincareers.com/jobs?q=wildtype&category=&posted_at=&location=&location_id=&search_radius=,"Name on JBoard  Aggregator is ""wildtypefoods.com"" instead of Wildtype Foods",https://www.wildtypefoods.com/careers#open-positions,,
Bright Green Partners,Aggregator,28,11/9/23,https://app.jboard.io/board/4328/importer/auto-importer/7667,https://brightgreenpartners.com/join-us/employee/,,No jobs,"JBoard says ""unable to detect jobs""",https://altproteincareers.com/jobs?q=bright+green+partners&category=&posted_at=&location=&location_id=&search_radius=,"Name on JBoard  Aggregator is ""brightgreenpartners.com"" instead of Bright Green Partners",https://brightgreenpartners.com/join-us/employee/,,
Blue Horizon,Aggregator,29,11/9/23,https://app.jboard.io/board/4328/importer/auto-importer/6956,https://jobs.bluehorizon.com/jobs,Blue horizon jobs link does not work,No jobs on JBoard but jobs listed on website,"JBoard says ""aggregator failed""
No jobs on JBoard but 48 jobs listed on Company's website",https://altproteincareers.com/jobs?q=blue+horizon&category=&posted_at=&location=&location_id=&search_radius=,"Name on JBoard  Aggregator is ""jobs.bluehorizon.com"" instead of Blue Horizon",https://bluehorizon.com/jobs/,,
Prose Foods,Aggregator,,11/9/23,https://app.jboard.io/board/4328/importer/auto-importer/8285,https://jobs.bluehorizon.com/jobs/prose-foods,Blue horizon jobs link does not work,No jobs,"JBoard says ""aggregator failed""",https://altproteincareers.com/jobs?q=prose+foods&category=&posted_at=&location=&location_id=&search_radius=,,https://www.prosefoods.com/careers,,
Food Hack,Aggregator,,11/9/23,https://app.jboard.io/board/4328/importer/auto-importer/7144,https://jobs.foodhack.global/,,other search engine,"JBoard says ""unable to detect jobs""",https://altproteincareers.com/jobs?q=food+hack&category=&posted_at=&location=&location_id=&search_radius=,"Name on JBoard  Aggregator is ""jobs.foodhack.global"" instead of Food Hack",https://jobs.foodhack.global/,,
LinkedIn,Aggregator,,11/9/23,https://app.jboard.io/board/4328/importer/auto-importer/7362,https://www.linkedin.com/jobs/search/?currentJobId=3591991789&f_C=3500342&geoId=92000000&originToLandingJobPostings=3591991789%2C3590328043%2C3606648053%2C3630106221%2C3620809300,,other search engine,,,,,,
GEA,Aggregator,,11/9/23,https://app.jboard.io/board/4328/importer/auto-importer/12064,https://www.linkedin.com/jobs/search/?currentJobId=3711622699&f_C=389481%2C2559993%2C9306350&geoId=92000000&origin=COMPANY_PAGE_JOBS_CLUSTER_EXPANSION&originToLandingJobPostings=3711622699%2C3730535590%2C3743986472%2C3718295758%2C3744362560%2C3626556858%2C3604580333%2C3644713461%2C3748895686,,Missing jobs on JBoard,No jobs on JBoard but 415 (48 US-based) jobs listed on LinkedIn,https://altproteincareers.com/jobs?q=gea&category=&posted_at=&location=&location_id=&search_radius=,,https://www.gea.com/en/careers/apply-now/index.jsp,,